"","endpoint","field.choices"
"1","/api/v1/accounts/awards/","award"
"2","/api/v1/accounts/awards/","award_id"
"3","/api/v1/accounts/awards/","award_type"
"4","/api/v1/accounts/awards/","certified_date"
"5","/api/v1/accounts/awards/","create_date"
"6","/api/v1/accounts/awards/","data_source"
"7","/api/v1/accounts/awards/","deobligations_recoveries_refunds_of_prior_year_by_award_cpe"
"8","/api/v1/accounts/awards/","drv_award_id_field_type"
"9","/api/v1/accounts/awards/","drv_obligations_incurred_total_by_award"
"10","/api/v1/accounts/awards/","fain"
"11","/api/v1/accounts/awards/","financial_accounts_by_awards_id"
"12","/api/v1/accounts/awards/","gross_outlay_amount_by_award_cpe"
"13","/api/v1/accounts/awards/","gross_outlay_amount_by_award_fyb"
"14","/api/v1/accounts/awards/","gross_outlays_delivered_orders_paid_total_cpe"
"15","/api/v1/accounts/awards/","gross_outlays_delivered_orders_paid_total_fyb"
"16","/api/v1/accounts/awards/","gross_outlays_undelivered_orders_prepaid_total_cpe"
"17","/api/v1/accounts/awards/","gross_outlays_undelivered_orders_prepaid_total_fyb"
"18","/api/v1/accounts/awards/","last_modified_date"
"19","/api/v1/accounts/awards/","object_class"
"20","/api/v1/accounts/awards/","object_class_id"
"21","/api/v1/accounts/awards/","obligations_delivered_orders_unpaid_total_cpe"
"22","/api/v1/accounts/awards/","obligations_delivered_orders_unpaid_total_fyb"
"23","/api/v1/accounts/awards/","obligations_incurred_total_by_award_cpe"
"24","/api/v1/accounts/awards/","obligations_undelivered_orders_unpaid_total_cpe"
"25","/api/v1/accounts/awards/","obligations_undelivered_orders_unpaid_total_fyb"
"26","/api/v1/accounts/awards/","parent_award_id"
"27","/api/v1/accounts/awards/","piid"
"28","/api/v1/accounts/awards/","program_activity"
"29","/api/v1/accounts/awards/","program_activity_id"
"30","/api/v1/accounts/awards/","reporting_period_end"
"31","/api/v1/accounts/awards/","reporting_period_start"
"32","/api/v1/accounts/awards/","submission"
"33","/api/v1/accounts/awards/","submission_id"
"34","/api/v1/accounts/awards/","transaction_obligated_amount"
"35","/api/v1/accounts/awards/","treasury_account"
"36","/api/v1/accounts/awards/","treasury_account_id"
"37","/api/v1/accounts/awards/","update_date"
"38","/api/v1/accounts/awards/","uri"
"39","/api/v1/accounts/awards/","ussgl480100_undelivered_orders_obligations_unpaid_cpe"
"40","/api/v1/accounts/awards/","ussgl480100_undelivered_orders_obligations_unpaid_fyb"
"41","/api/v1/accounts/awards/","ussgl480200_undelivered_orders_oblig_prepaid_advanced_cpe"
"42","/api/v1/accounts/awards/","ussgl480200_undelivered_orders_oblig_prepaid_advanced_fyb"
"43","/api/v1/accounts/awards/","ussgl483100_undelivered_orders_oblig_transferred_unpaid_cpe"
"44","/api/v1/accounts/awards/","ussgl483200_undeliv_orders_oblig_transferred_prepaid_adv_cpe"
"45","/api/v1/accounts/awards/","ussgl487100_down_adj_pri_unpaid_undel_orders_oblig_recov_cpe"
"46","/api/v1/accounts/awards/","ussgl487200_down_adj_pri_ppaid_undel_orders_oblig_refund_cpe"
"47","/api/v1/accounts/awards/","ussgl488100_upward_adjust_pri_undeliv_order_oblig_unpaid_cpe"
"48","/api/v1/accounts/awards/","ussgl488200_up_adjust_pri_undeliv_order_oblig_ppaid_adv_cpe"
"49","/api/v1/accounts/awards/","ussgl490100_delivered_orders_obligations_unpaid_cpe"
"50","/api/v1/accounts/awards/","ussgl490100_delivered_orders_obligations_unpaid_fyb"
"51","/api/v1/accounts/awards/","ussgl490200_delivered_orders_obligations_paid_cpe"
"52","/api/v1/accounts/awards/","ussgl490800_authority_outlayed_not_yet_disbursed_cpe"
"53","/api/v1/accounts/awards/","ussgl490800_authority_outlayed_not_yet_disbursed_fyb"
"54","/api/v1/accounts/awards/","ussgl493100_delivered_orders_oblig_transferred_unpaid_cpe"
"55","/api/v1/accounts/awards/","ussgl497100_down_adj_pri_unpaid_deliv_orders_oblig_recov_cpe"
"56","/api/v1/accounts/awards/","ussgl497200_down_adj_pri_paid_deliv_orders_oblig_refund_cpe"
"57","/api/v1/accounts/awards/","ussgl498100_upward_adjust_pri_deliv_orders_oblig_unpaid_cpe"
"58","/api/v1/accounts/awards/","ussgl498200_upward_adjust_pri_deliv_orders_oblig_paid_cpe"
"59","/api/v1/accounts/awards/total/","award"
"60","/api/v1/accounts/awards/total/","award_id"
"61","/api/v1/accounts/awards/total/","award_type"
"62","/api/v1/accounts/awards/total/","certified_date"
"63","/api/v1/accounts/awards/total/","create_date"
"64","/api/v1/accounts/awards/total/","data_source"
"65","/api/v1/accounts/awards/total/","deobligations_recoveries_refunds_of_prior_year_by_award_cpe"
"66","/api/v1/accounts/awards/total/","drv_award_id_field_type"
"67","/api/v1/accounts/awards/total/","drv_obligations_incurred_total_by_award"
"68","/api/v1/accounts/awards/total/","fain"
"69","/api/v1/accounts/awards/total/","financial_accounts_by_awards_id"
"70","/api/v1/accounts/awards/total/","gross_outlay_amount_by_award_cpe"
"71","/api/v1/accounts/awards/total/","gross_outlay_amount_by_award_fyb"
"72","/api/v1/accounts/awards/total/","gross_outlays_delivered_orders_paid_total_cpe"
"73","/api/v1/accounts/awards/total/","gross_outlays_delivered_orders_paid_total_fyb"
"74","/api/v1/accounts/awards/total/","gross_outlays_undelivered_orders_prepaid_total_cpe"
"75","/api/v1/accounts/awards/total/","gross_outlays_undelivered_orders_prepaid_total_fyb"
"76","/api/v1/accounts/awards/total/","last_modified_date"
"77","/api/v1/accounts/awards/total/","object_class"
"78","/api/v1/accounts/awards/total/","object_class_id"
"79","/api/v1/accounts/awards/total/","obligations_delivered_orders_unpaid_total_cpe"
"80","/api/v1/accounts/awards/total/","obligations_delivered_orders_unpaid_total_fyb"
"81","/api/v1/accounts/awards/total/","obligations_incurred_total_by_award_cpe"
"82","/api/v1/accounts/awards/total/","obligations_undelivered_orders_unpaid_total_cpe"
"83","/api/v1/accounts/awards/total/","obligations_undelivered_orders_unpaid_total_fyb"
"84","/api/v1/accounts/awards/total/","parent_award_id"
"85","/api/v1/accounts/awards/total/","piid"
"86","/api/v1/accounts/awards/total/","program_activity"
"87","/api/v1/accounts/awards/total/","program_activity_id"
"88","/api/v1/accounts/awards/total/","reporting_period_end"
"89","/api/v1/accounts/awards/total/","reporting_period_start"
"90","/api/v1/accounts/awards/total/","submission"
"91","/api/v1/accounts/awards/total/","submission_id"
"92","/api/v1/accounts/awards/total/","transaction_obligated_amount"
"93","/api/v1/accounts/awards/total/","treasury_account"
"94","/api/v1/accounts/awards/total/","treasury_account_id"
"95","/api/v1/accounts/awards/total/","update_date"
"96","/api/v1/accounts/awards/total/","uri"
"97","/api/v1/accounts/awards/total/","ussgl480100_undelivered_orders_obligations_unpaid_cpe"
"98","/api/v1/accounts/awards/total/","ussgl480100_undelivered_orders_obligations_unpaid_fyb"
"99","/api/v1/accounts/awards/total/","ussgl480200_undelivered_orders_oblig_prepaid_advanced_cpe"
"100","/api/v1/accounts/awards/total/","ussgl480200_undelivered_orders_oblig_prepaid_advanced_fyb"
"101","/api/v1/accounts/awards/total/","ussgl483100_undelivered_orders_oblig_transferred_unpaid_cpe"
"102","/api/v1/accounts/awards/total/","ussgl483200_undeliv_orders_oblig_transferred_prepaid_adv_cpe"
"103","/api/v1/accounts/awards/total/","ussgl487100_down_adj_pri_unpaid_undel_orders_oblig_recov_cpe"
"104","/api/v1/accounts/awards/total/","ussgl487200_down_adj_pri_ppaid_undel_orders_oblig_refund_cpe"
"105","/api/v1/accounts/awards/total/","ussgl488100_upward_adjust_pri_undeliv_order_oblig_unpaid_cpe"
"106","/api/v1/accounts/awards/total/","ussgl488200_up_adjust_pri_undeliv_order_oblig_ppaid_adv_cpe"
"107","/api/v1/accounts/awards/total/","ussgl490100_delivered_orders_obligations_unpaid_cpe"
"108","/api/v1/accounts/awards/total/","ussgl490100_delivered_orders_obligations_unpaid_fyb"
"109","/api/v1/accounts/awards/total/","ussgl490200_delivered_orders_obligations_paid_cpe"
"110","/api/v1/accounts/awards/total/","ussgl490800_authority_outlayed_not_yet_disbursed_cpe"
"111","/api/v1/accounts/awards/total/","ussgl490800_authority_outlayed_not_yet_disbursed_fyb"
"112","/api/v1/accounts/awards/total/","ussgl493100_delivered_orders_oblig_transferred_unpaid_cpe"
"113","/api/v1/accounts/awards/total/","ussgl497100_down_adj_pri_unpaid_deliv_orders_oblig_recov_cpe"
"114","/api/v1/accounts/awards/total/","ussgl497200_down_adj_pri_paid_deliv_orders_oblig_refund_cpe"
"115","/api/v1/accounts/awards/total/","ussgl498100_upward_adjust_pri_deliv_orders_oblig_unpaid_cpe"
"116","/api/v1/accounts/awards/total/","ussgl498200_upward_adjust_pri_deliv_orders_oblig_paid_cpe"
"117","/api/v1/awards/","awarding_agency"
"118","/api/v1/awards/","awarding_agency_id"
"119","/api/v1/awards/","certified_date"
"120","/api/v1/awards/","child_award"
"121","/api/v1/awards/","create_date"
"122","/api/v1/awards/","data_source"
"123","/api/v1/awards/","date_signed"
"124","/api/v1/awards/","description"
"125","/api/v1/awards/","fain"
"126","/api/v1/awards/","financial_set"
"127","/api/v1/awards/","funding_agency"
"128","/api/v1/awards/","funding_agency_id"
"129","/api/v1/awards/","id"
"130","/api/v1/awards/","last_modified_date"
"131","/api/v1/awards/","latest_transaction"
"132","/api/v1/awards/","latest_transaction_id"
"133","/api/v1/awards/","parent_award"
"134","/api/v1/awards/","parent_award_id"
"135","/api/v1/awards/","period_of_performance_current_end_date"
"136","/api/v1/awards/","period_of_performance_start_date"
"137","/api/v1/awards/","piid"
"138","/api/v1/awards/","place_of_performance"
"139","/api/v1/awards/","place_of_performance_id"
"140","/api/v1/awards/","potential_total_value_of_award"
"141","/api/v1/awards/","recipient"
"142","/api/v1/awards/","recipient_id"
"143","/api/v1/awards/","subaward_count"
"144","/api/v1/awards/","subawards"
"145","/api/v1/awards/","total_obligation"
"146","/api/v1/awards/","total_outlay"
"147","/api/v1/awards/","total_subaward_amount"
"148","/api/v1/awards/","transaction"
"149","/api/v1/awards/","type"
"150","/api/v1/awards/","type_description"
"151","/api/v1/awards/","update_date"
"152","/api/v1/awards/","uri"
"153","/api/v1/awards/autocomplete/","awarding_agency"
"154","/api/v1/awards/autocomplete/","awarding_agency_id"
"155","/api/v1/awards/autocomplete/","certified_date"
"156","/api/v1/awards/autocomplete/","child_award"
"157","/api/v1/awards/autocomplete/","create_date"
"158","/api/v1/awards/autocomplete/","data_source"
"159","/api/v1/awards/autocomplete/","date_signed"
"160","/api/v1/awards/autocomplete/","description"
"161","/api/v1/awards/autocomplete/","fain"
"162","/api/v1/awards/autocomplete/","financial_set"
"163","/api/v1/awards/autocomplete/","funding_agency"
"164","/api/v1/awards/autocomplete/","funding_agency_id"
"165","/api/v1/awards/autocomplete/","id"
"166","/api/v1/awards/autocomplete/","last_modified_date"
"167","/api/v1/awards/autocomplete/","latest_transaction"
"168","/api/v1/awards/autocomplete/","latest_transaction_id"
"169","/api/v1/awards/autocomplete/","parent_award"
"170","/api/v1/awards/autocomplete/","parent_award_id"
"171","/api/v1/awards/autocomplete/","period_of_performance_current_end_date"
"172","/api/v1/awards/autocomplete/","period_of_performance_start_date"
"173","/api/v1/awards/autocomplete/","piid"
"174","/api/v1/awards/autocomplete/","place_of_performance"
"175","/api/v1/awards/autocomplete/","place_of_performance_id"
"176","/api/v1/awards/autocomplete/","potential_total_value_of_award"
"177","/api/v1/awards/autocomplete/","recipient"
"178","/api/v1/awards/autocomplete/","recipient_id"
"179","/api/v1/awards/autocomplete/","subaward_count"
"180","/api/v1/awards/autocomplete/","subawards"
"181","/api/v1/awards/autocomplete/","total_obligation"
"182","/api/v1/awards/autocomplete/","total_outlay"
"183","/api/v1/awards/autocomplete/","total_subaward_amount"
"184","/api/v1/awards/autocomplete/","transaction"
"185","/api/v1/awards/autocomplete/","type"
"186","/api/v1/awards/autocomplete/","type_description"
"187","/api/v1/awards/autocomplete/","update_date"
"188","/api/v1/awards/autocomplete/","uri"
"189","/api/v1/awards/total/","awarding_agency"
"190","/api/v1/awards/total/","awarding_agency_id"
"191","/api/v1/awards/total/","certified_date"
"192","/api/v1/awards/total/","child_award"
"193","/api/v1/awards/total/","create_date"
"194","/api/v1/awards/total/","data_source"
"195","/api/v1/awards/total/","date_signed"
"196","/api/v1/awards/total/","description"
"197","/api/v1/awards/total/","fain"
"198","/api/v1/awards/total/","financial_set"
"199","/api/v1/awards/total/","funding_agency"
"200","/api/v1/awards/total/","funding_agency_id"
"201","/api/v1/awards/total/","id"
"202","/api/v1/awards/total/","last_modified_date"
"203","/api/v1/awards/total/","latest_transaction"
"204","/api/v1/awards/total/","latest_transaction_id"
"205","/api/v1/awards/total/","parent_award"
"206","/api/v1/awards/total/","parent_award_id"
"207","/api/v1/awards/total/","period_of_performance_current_end_date"
"208","/api/v1/awards/total/","period_of_performance_start_date"
"209","/api/v1/awards/total/","piid"
"210","/api/v1/awards/total/","place_of_performance"
"211","/api/v1/awards/total/","place_of_performance_id"
"212","/api/v1/awards/total/","potential_total_value_of_award"
"213","/api/v1/awards/total/","recipient"
"214","/api/v1/awards/total/","recipient_id"
"215","/api/v1/awards/total/","subaward_count"
"216","/api/v1/awards/total/","subawards"
"217","/api/v1/awards/total/","total_obligation"
"218","/api/v1/awards/total/","total_outlay"
"219","/api/v1/awards/total/","total_subaward_amount"
"220","/api/v1/awards/total/","transaction"
"221","/api/v1/awards/total/","type"
"222","/api/v1/awards/total/","type_description"
"223","/api/v1/awards/total/","update_date"
"224","/api/v1/awards/total/","uri"
"225","/api/v1/federal_accounts/","account_title"
"226","/api/v1/federal_accounts/","agency_identifier"
"227","/api/v1/federal_accounts/","id"
"228","/api/v1/federal_accounts/","main_account_code"
"229","/api/v1/federal_accounts/","treasuryappropriationaccount"
"230","/api/v1/federal_accounts/autocomplete/","account_title"
"231","/api/v1/federal_accounts/autocomplete/","agency_identifier"
"232","/api/v1/federal_accounts/autocomplete/","id"
"233","/api/v1/federal_accounts/autocomplete/","main_account_code"
"234","/api/v1/federal_accounts/autocomplete/","treasuryappropriationaccount"
"235","/api/v1/tas/","account_balances"
"236","/api/v1/tas/","account_title"
"237","/api/v1/tas/","agency_id"
"238","/api/v1/tas/","allocation_transfer_agency_id"
"239","/api/v1/tas/","appropriationaccountbalancesquarterly"
"240","/api/v1/tas/","availability_type_code"
"241","/api/v1/tas/","availability_type_code_description"
"242","/api/v1/tas/","beginning_period_of_availability"
"243","/api/v1/tas/","budget_bureau_code"
"244","/api/v1/tas/","budget_bureau_name"
"245","/api/v1/tas/","budget_function_code"
"246","/api/v1/tas/","budget_function_title"
"247","/api/v1/tas/","budget_subfunction_code"
"248","/api/v1/tas/","budget_subfunction_title"
"249","/api/v1/tas/","create_date"
"250","/api/v1/tas/","data_source"
"251","/api/v1/tas/","drv_appropriation_account_expired_status"
"252","/api/v1/tas/","drv_appropriation_availability_period_end_date"
"253","/api/v1/tas/","drv_appropriation_availability_period_start_date"
"254","/api/v1/tas/","ending_period_of_availability"
"255","/api/v1/tas/","federal_account"
"256","/api/v1/tas/","federal_account_id"
"257","/api/v1/tas/","financialaccountsbyawards"
"258","/api/v1/tas/","fr_entity_code"
"259","/api/v1/tas/","fr_entity_description"
"260","/api/v1/tas/","main_account_code"
"261","/api/v1/tas/","program_balances"
"262","/api/v1/tas/","reporting_agency_id"
"263","/api/v1/tas/","reporting_agency_name"
"264","/api/v1/tas/","sub_account_code"
"265","/api/v1/tas/","tas_rendering_label"
"266","/api/v1/tas/","tasprogramactivityobjectclassquarterly"
"267","/api/v1/tas/","treasury_account_identifier"
"268","/api/v1/tas/","update_date"
"269","/api/v1/tas/autocomplete/","account_balances"
"270","/api/v1/tas/autocomplete/","account_title"
"271","/api/v1/tas/autocomplete/","agency_id"
"272","/api/v1/tas/autocomplete/","allocation_transfer_agency_id"
"273","/api/v1/tas/autocomplete/","appropriationaccountbalancesquarterly"
"274","/api/v1/tas/autocomplete/","availability_type_code"
"275","/api/v1/tas/autocomplete/","availability_type_code_description"
"276","/api/v1/tas/autocomplete/","beginning_period_of_availability"
"277","/api/v1/tas/autocomplete/","budget_bureau_code"
"278","/api/v1/tas/autocomplete/","budget_bureau_name"
"279","/api/v1/tas/autocomplete/","budget_function_code"
"280","/api/v1/tas/autocomplete/","budget_function_title"
"281","/api/v1/tas/autocomplete/","budget_subfunction_code"
"282","/api/v1/tas/autocomplete/","budget_subfunction_title"
"283","/api/v1/tas/autocomplete/","create_date"
"284","/api/v1/tas/autocomplete/","data_source"
"285","/api/v1/tas/autocomplete/","drv_appropriation_account_expired_status"
"286","/api/v1/tas/autocomplete/","drv_appropriation_availability_period_end_date"
"287","/api/v1/tas/autocomplete/","drv_appropriation_availability_period_start_date"
"288","/api/v1/tas/autocomplete/","ending_period_of_availability"
"289","/api/v1/tas/autocomplete/","federal_account"
"290","/api/v1/tas/autocomplete/","federal_account_id"
"291","/api/v1/tas/autocomplete/","financialaccountsbyawards"
"292","/api/v1/tas/autocomplete/","fr_entity_code"
"293","/api/v1/tas/autocomplete/","fr_entity_description"
"294","/api/v1/tas/autocomplete/","main_account_code"
"295","/api/v1/tas/autocomplete/","program_balances"
"296","/api/v1/tas/autocomplete/","reporting_agency_id"
"297","/api/v1/tas/autocomplete/","reporting_agency_name"
"298","/api/v1/tas/autocomplete/","sub_account_code"
"299","/api/v1/tas/autocomplete/","tas_rendering_label"
"300","/api/v1/tas/autocomplete/","tasprogramactivityobjectclassquarterly"
"301","/api/v1/tas/autocomplete/","treasury_account_identifier"
"302","/api/v1/tas/autocomplete/","update_date"
"303","/api/v1/tas/balances/","adjustments_to_unobligated_balance_brought_forward_cpe"
"304","/api/v1/tas/balances/","appropriation_account_balances_id"
"305","/api/v1/tas/balances/","borrowing_authority_amount_total_cpe"
"306","/api/v1/tas/balances/","budget_authority_appropriated_amount_cpe"
"307","/api/v1/tas/balances/","budget_authority_available_amount_total_cpe"
"308","/api/v1/tas/balances/","budget_authority_unobligated_balance_brought_forward_fyb"
"309","/api/v1/tas/balances/","certified_date"
"310","/api/v1/tas/balances/","contract_authority_amount_total_cpe"
"311","/api/v1/tas/balances/","create_date"
"312","/api/v1/tas/balances/","data_source"
"313","/api/v1/tas/balances/","deobligations_recoveries_refunds_by_tas_cpe"
"314","/api/v1/tas/balances/","drv_appropriation_account_expired_status"
"315","/api/v1/tas/balances/","drv_appropriation_availability_period_end_date"
"316","/api/v1/tas/balances/","drv_appropriation_availability_period_start_date"
"317","/api/v1/tas/balances/","drv_obligations_unpaid_amount"
"318","/api/v1/tas/balances/","drv_other_obligated_amount"
"319","/api/v1/tas/balances/","final_of_fy"
"320","/api/v1/tas/balances/","gross_outlay_amount_by_tas_cpe"
"321","/api/v1/tas/balances/","last_modified_date"
"322","/api/v1/tas/balances/","obligations_incurred_total_by_tas_cpe"
"323","/api/v1/tas/balances/","other_budgetary_resources_amount_cpe"
"324","/api/v1/tas/balances/","reporting_period_end"
"325","/api/v1/tas/balances/","reporting_period_start"
"326","/api/v1/tas/balances/","spending_authority_from_offsetting_collections_amount_cpe"
"327","/api/v1/tas/balances/","status_of_budgetary_resources_total_cpe"
"328","/api/v1/tas/balances/","submission"
"329","/api/v1/tas/balances/","submission_id"
"330","/api/v1/tas/balances/","treasury_account_identifier"
"331","/api/v1/tas/balances/","treasury_account_identifier_id"
"332","/api/v1/tas/balances/","unobligated_balance_cpe"
"333","/api/v1/tas/balances/","update_date"
"334","/api/v1/tas/balances/total/","adjustments_to_unobligated_balance_brought_forward_cpe"
"335","/api/v1/tas/balances/total/","appropriation_account_balances_id"
"336","/api/v1/tas/balances/total/","borrowing_authority_amount_total_cpe"
"337","/api/v1/tas/balances/total/","budget_authority_appropriated_amount_cpe"
"338","/api/v1/tas/balances/total/","budget_authority_available_amount_total_cpe"
"339","/api/v1/tas/balances/total/","budget_authority_unobligated_balance_brought_forward_fyb"
"340","/api/v1/tas/balances/total/","certified_date"
"341","/api/v1/tas/balances/total/","contract_authority_amount_total_cpe"
"342","/api/v1/tas/balances/total/","create_date"
"343","/api/v1/tas/balances/total/","data_source"
"344","/api/v1/tas/balances/total/","deobligations_recoveries_refunds_by_tas_cpe"
"345","/api/v1/tas/balances/total/","drv_appropriation_account_expired_status"
"346","/api/v1/tas/balances/total/","drv_appropriation_availability_period_end_date"
"347","/api/v1/tas/balances/total/","drv_appropriation_availability_period_start_date"
"348","/api/v1/tas/balances/total/","drv_obligations_unpaid_amount"
"349","/api/v1/tas/balances/total/","drv_other_obligated_amount"
"350","/api/v1/tas/balances/total/","final_of_fy"
"351","/api/v1/tas/balances/total/","gross_outlay_amount_by_tas_cpe"
"352","/api/v1/tas/balances/total/","last_modified_date"
"353","/api/v1/tas/balances/total/","obligations_incurred_total_by_tas_cpe"
"354","/api/v1/tas/balances/total/","other_budgetary_resources_amount_cpe"
"355","/api/v1/tas/balances/total/","reporting_period_end"
"356","/api/v1/tas/balances/total/","reporting_period_start"
"357","/api/v1/tas/balances/total/","spending_authority_from_offsetting_collections_amount_cpe"
"358","/api/v1/tas/balances/total/","status_of_budgetary_resources_total_cpe"
"359","/api/v1/tas/balances/total/","submission"
"360","/api/v1/tas/balances/total/","submission_id"
"361","/api/v1/tas/balances/total/","treasury_account_identifier"
"362","/api/v1/tas/balances/total/","treasury_account_identifier_id"
"363","/api/v1/tas/balances/total/","unobligated_balance_cpe"
"364","/api/v1/tas/balances/total/","update_date"
"365","/api/v1/tas/balances/quarters/","adjustments_to_unobligated_balance_brought_forward_cpe"
"366","/api/v1/tas/balances/quarters/","borrowing_authority_amount_total_cpe"
"367","/api/v1/tas/balances/quarters/","budget_authority_appropriated_amount_cpe"
"368","/api/v1/tas/balances/quarters/","budget_authority_available_amount_total_cpe"
"369","/api/v1/tas/balances/quarters/","budget_authority_unobligated_balance_brought_forward_fyb"
"370","/api/v1/tas/balances/quarters/","contract_authority_amount_total_cpe"
"371","/api/v1/tas/balances/quarters/","create_date"
"372","/api/v1/tas/balances/quarters/","data_source"
"373","/api/v1/tas/balances/quarters/","deobligations_recoveries_refunds_by_tas_cpe"
"374","/api/v1/tas/balances/quarters/","gross_outlay_amount_by_tas_cpe"
"375","/api/v1/tas/balances/quarters/","id"
"376","/api/v1/tas/balances/quarters/","obligations_incurred_total_by_tas_cpe"
"377","/api/v1/tas/balances/quarters/","other_budgetary_resources_amount_cpe"
"378","/api/v1/tas/balances/quarters/","spending_authority_from_offsetting_collections_amount_cpe"
"379","/api/v1/tas/balances/quarters/","status_of_budgetary_resources_total_cpe"
"380","/api/v1/tas/balances/quarters/","submission"
"381","/api/v1/tas/balances/quarters/","submission_id"
"382","/api/v1/tas/balances/quarters/","treasury_account_identifier"
"383","/api/v1/tas/balances/quarters/","treasury_account_identifier_id"
"384","/api/v1/tas/balances/quarters/","unobligated_balance_cpe"
"385","/api/v1/tas/balances/quarters/","update_date"
"386","/api/v1/tas/balances/quarters/total/","adjustments_to_unobligated_balance_brought_forward_cpe"
"387","/api/v1/tas/balances/quarters/total/","borrowing_authority_amount_total_cpe"
"388","/api/v1/tas/balances/quarters/total/","budget_authority_appropriated_amount_cpe"
"389","/api/v1/tas/balances/quarters/total/","budget_authority_available_amount_total_cpe"
"390","/api/v1/tas/balances/quarters/total/","budget_authority_unobligated_balance_brought_forward_fyb"
"391","/api/v1/tas/balances/quarters/total/","contract_authority_amount_total_cpe"
"392","/api/v1/tas/balances/quarters/total/","create_date"
"393","/api/v1/tas/balances/quarters/total/","data_source"
"394","/api/v1/tas/balances/quarters/total/","deobligations_recoveries_refunds_by_tas_cpe"
"395","/api/v1/tas/balances/quarters/total/","gross_outlay_amount_by_tas_cpe"
"396","/api/v1/tas/balances/quarters/total/","id"
"397","/api/v1/tas/balances/quarters/total/","obligations_incurred_total_by_tas_cpe"
"398","/api/v1/tas/balances/quarters/total/","other_budgetary_resources_amount_cpe"
"399","/api/v1/tas/balances/quarters/total/","spending_authority_from_offsetting_collections_amount_cpe"
"400","/api/v1/tas/balances/quarters/total/","status_of_budgetary_resources_total_cpe"
"401","/api/v1/tas/balances/quarters/total/","submission"
"402","/api/v1/tas/balances/quarters/total/","submission_id"
"403","/api/v1/tas/balances/quarters/total/","treasury_account_identifier"
"404","/api/v1/tas/balances/quarters/total/","treasury_account_identifier_id"
"405","/api/v1/tas/balances/quarters/total/","unobligated_balance_cpe"
"406","/api/v1/tas/balances/quarters/total/","update_date"
"407","/api/v1/tas/categories/","certified_date"
"408","/api/v1/tas/categories/","create_date"
"409","/api/v1/tas/categories/","data_source"
"410","/api/v1/tas/categories/","deobligations_recoveries_refund_pri_program_object_class_cpe"
"411","/api/v1/tas/categories/","drv_obligations_incurred_by_program_object_class"
"412","/api/v1/tas/categories/","drv_obligations_undelivered_orders_unpaid"
"413","/api/v1/tas/categories/","final_of_fy"
"414","/api/v1/tas/categories/","financial_accounts_by_program_activity_object_class_id"
"415","/api/v1/tas/categories/","gross_outlay_amount_by_program_object_class_cpe"
"416","/api/v1/tas/categories/","gross_outlay_amount_by_program_object_class_fyb"
"417","/api/v1/tas/categories/","gross_outlays_delivered_orders_paid_total_cpe"
"418","/api/v1/tas/categories/","gross_outlays_delivered_orders_paid_total_fyb"
"419","/api/v1/tas/categories/","gross_outlays_undelivered_orders_prepaid_total_cpe"
"420","/api/v1/tas/categories/","gross_outlays_undelivered_orders_prepaid_total_fyb"
"421","/api/v1/tas/categories/","last_modified_date"
"422","/api/v1/tas/categories/","object_class"
"423","/api/v1/tas/categories/","object_class_id"
"424","/api/v1/tas/categories/","obligations_delivered_orders_unpaid_total_cpe"
"425","/api/v1/tas/categories/","obligations_delivered_orders_unpaid_total_fyb"
"426","/api/v1/tas/categories/","obligations_incurred_by_program_object_class_cpe"
"427","/api/v1/tas/categories/","obligations_undelivered_orders_unpaid_total_cpe"
"428","/api/v1/tas/categories/","obligations_undelivered_orders_unpaid_total_fyb"
"429","/api/v1/tas/categories/","program_activity"
"430","/api/v1/tas/categories/","program_activity_id"
"431","/api/v1/tas/categories/","reporting_period_end"
"432","/api/v1/tas/categories/","reporting_period_start"
"433","/api/v1/tas/categories/","submission"
"434","/api/v1/tas/categories/","submission_id"
"435","/api/v1/tas/categories/","treasury_account"
"436","/api/v1/tas/categories/","treasury_account_id"
"437","/api/v1/tas/categories/","update_date"
"438","/api/v1/tas/categories/","ussgl480100_undelivered_orders_obligations_unpaid_cpe"
"439","/api/v1/tas/categories/","ussgl480100_undelivered_orders_obligations_unpaid_fyb"
"440","/api/v1/tas/categories/","ussgl480200_undelivered_orders_oblig_prepaid_advanced_cpe"
"441","/api/v1/tas/categories/","ussgl480200_undelivered_orders_oblig_prepaid_advanced_fyb"
"442","/api/v1/tas/categories/","ussgl483100_undelivered_orders_oblig_transferred_unpaid_cpe"
"443","/api/v1/tas/categories/","ussgl483200_undeliv_orders_oblig_transferred_prepaid_adv_cpe"
"444","/api/v1/tas/categories/","ussgl487100_down_adj_pri_unpaid_undel_orders_oblig_recov_cpe"
"445","/api/v1/tas/categories/","ussgl487200_down_adj_pri_ppaid_undel_orders_oblig_refund_cpe"
"446","/api/v1/tas/categories/","ussgl488100_upward_adjust_pri_undeliv_order_oblig_unpaid_cpe"
"447","/api/v1/tas/categories/","ussgl488200_up_adjust_pri_undeliv_order_oblig_ppaid_adv_cpe"
"448","/api/v1/tas/categories/","ussgl490100_delivered_orders_obligations_unpaid_cpe"
"449","/api/v1/tas/categories/","ussgl490100_delivered_orders_obligations_unpaid_fyb"
"450","/api/v1/tas/categories/","ussgl490200_delivered_orders_obligations_paid_cpe"
"451","/api/v1/tas/categories/","ussgl490800_authority_outlayed_not_yet_disbursed_cpe"
"452","/api/v1/tas/categories/","ussgl490800_authority_outlayed_not_yet_disbursed_fyb"
"453","/api/v1/tas/categories/","ussgl493100_delivered_orders_oblig_transferred_unpaid_cpe"
"454","/api/v1/tas/categories/","ussgl497100_down_adj_pri_unpaid_deliv_orders_oblig_recov_cpe"
"455","/api/v1/tas/categories/","ussgl497200_down_adj_pri_paid_deliv_orders_oblig_refund_cpe"
"456","/api/v1/tas/categories/","ussgl498100_upward_adjust_pri_deliv_orders_oblig_unpaid_cpe"
"457","/api/v1/tas/categories/","ussgl498200_upward_adjust_pri_deliv_orders_oblig_paid_cpe"
"458","/api/v1/tas/categories/total/","certified_date"
"459","/api/v1/tas/categories/total/","create_date"
"460","/api/v1/tas/categories/total/","data_source"
"461","/api/v1/tas/categories/total/","deobligations_recoveries_refund_pri_program_object_class_cpe"
"462","/api/v1/tas/categories/total/","drv_obligations_incurred_by_program_object_class"
"463","/api/v1/tas/categories/total/","drv_obligations_undelivered_orders_unpaid"
"464","/api/v1/tas/categories/total/","final_of_fy"
"465","/api/v1/tas/categories/total/","financial_accounts_by_program_activity_object_class_id"
"466","/api/v1/tas/categories/total/","gross_outlay_amount_by_program_object_class_cpe"
"467","/api/v1/tas/categories/total/","gross_outlay_amount_by_program_object_class_fyb"
"468","/api/v1/tas/categories/total/","gross_outlays_delivered_orders_paid_total_cpe"
"469","/api/v1/tas/categories/total/","gross_outlays_delivered_orders_paid_total_fyb"
"470","/api/v1/tas/categories/total/","gross_outlays_undelivered_orders_prepaid_total_cpe"
"471","/api/v1/tas/categories/total/","gross_outlays_undelivered_orders_prepaid_total_fyb"
"472","/api/v1/tas/categories/total/","last_modified_date"
"473","/api/v1/tas/categories/total/","object_class"
"474","/api/v1/tas/categories/total/","object_class_id"
"475","/api/v1/tas/categories/total/","obligations_delivered_orders_unpaid_total_cpe"
"476","/api/v1/tas/categories/total/","obligations_delivered_orders_unpaid_total_fyb"
"477","/api/v1/tas/categories/total/","obligations_incurred_by_program_object_class_cpe"
"478","/api/v1/tas/categories/total/","obligations_undelivered_orders_unpaid_total_cpe"
"479","/api/v1/tas/categories/total/","obligations_undelivered_orders_unpaid_total_fyb"
"480","/api/v1/tas/categories/total/","program_activity"
"481","/api/v1/tas/categories/total/","program_activity_id"
"482","/api/v1/tas/categories/total/","reporting_period_end"
"483","/api/v1/tas/categories/total/","reporting_period_start"
"484","/api/v1/tas/categories/total/","submission"
"485","/api/v1/tas/categories/total/","submission_id"
"486","/api/v1/tas/categories/total/","treasury_account"
"487","/api/v1/tas/categories/total/","treasury_account_id"
"488","/api/v1/tas/categories/total/","update_date"
"489","/api/v1/tas/categories/total/","ussgl480100_undelivered_orders_obligations_unpaid_cpe"
"490","/api/v1/tas/categories/total/","ussgl480100_undelivered_orders_obligations_unpaid_fyb"
"491","/api/v1/tas/categories/total/","ussgl480200_undelivered_orders_oblig_prepaid_advanced_cpe"
"492","/api/v1/tas/categories/total/","ussgl480200_undelivered_orders_oblig_prepaid_advanced_fyb"
"493","/api/v1/tas/categories/total/","ussgl483100_undelivered_orders_oblig_transferred_unpaid_cpe"
"494","/api/v1/tas/categories/total/","ussgl483200_undeliv_orders_oblig_transferred_prepaid_adv_cpe"
"495","/api/v1/tas/categories/total/","ussgl487100_down_adj_pri_unpaid_undel_orders_oblig_recov_cpe"
"496","/api/v1/tas/categories/total/","ussgl487200_down_adj_pri_ppaid_undel_orders_oblig_refund_cpe"
"497","/api/v1/tas/categories/total/","ussgl488100_upward_adjust_pri_undeliv_order_oblig_unpaid_cpe"
"498","/api/v1/tas/categories/total/","ussgl488200_up_adjust_pri_undeliv_order_oblig_ppaid_adv_cpe"
"499","/api/v1/tas/categories/total/","ussgl490100_delivered_orders_obligations_unpaid_cpe"
"500","/api/v1/tas/categories/total/","ussgl490100_delivered_orders_obligations_unpaid_fyb"
"501","/api/v1/tas/categories/total/","ussgl490200_delivered_orders_obligations_paid_cpe"
"502","/api/v1/tas/categories/total/","ussgl490800_authority_outlayed_not_yet_disbursed_cpe"
"503","/api/v1/tas/categories/total/","ussgl490800_authority_outlayed_not_yet_disbursed_fyb"
"504","/api/v1/tas/categories/total/","ussgl493100_delivered_orders_oblig_transferred_unpaid_cpe"
"505","/api/v1/tas/categories/total/","ussgl497100_down_adj_pri_unpaid_deliv_orders_oblig_recov_cpe"
"506","/api/v1/tas/categories/total/","ussgl497200_down_adj_pri_paid_deliv_orders_oblig_refund_cpe"
"507","/api/v1/tas/categories/total/","ussgl498100_upward_adjust_pri_deliv_orders_oblig_unpaid_cpe"
"508","/api/v1/tas/categories/total/","ussgl498200_upward_adjust_pri_deliv_orders_oblig_paid_cpe"
"509","/api/v1/tas/categories/quarters/","create_date"
"510","/api/v1/tas/categories/quarters/","data_source"
"511","/api/v1/tas/categories/quarters/","deobligations_recoveries_refund_pri_program_object_class_cpe"
"512","/api/v1/tas/categories/quarters/","gross_outlay_amount_by_program_object_class_cpe"
"513","/api/v1/tas/categories/quarters/","gross_outlay_amount_by_program_object_class_fyb"
"514","/api/v1/tas/categories/quarters/","gross_outlays_delivered_orders_paid_total_cpe"
"515","/api/v1/tas/categories/quarters/","gross_outlays_delivered_orders_paid_total_fyb"
"516","/api/v1/tas/categories/quarters/","gross_outlays_undelivered_orders_prepaid_total_cpe"
"517","/api/v1/tas/categories/quarters/","gross_outlays_undelivered_orders_prepaid_total_fyb"
"518","/api/v1/tas/categories/quarters/","id"
"519","/api/v1/tas/categories/quarters/","object_class"
"520","/api/v1/tas/categories/quarters/","object_class_id"
"521","/api/v1/tas/categories/quarters/","obligations_delivered_orders_unpaid_total_cpe"
"522","/api/v1/tas/categories/quarters/","obligations_delivered_orders_unpaid_total_fyb"
"523","/api/v1/tas/categories/quarters/","obligations_incurred_by_program_object_class_cpe"
"524","/api/v1/tas/categories/quarters/","obligations_undelivered_orders_unpaid_total_cpe"
"525","/api/v1/tas/categories/quarters/","obligations_undelivered_orders_unpaid_total_fyb"
"526","/api/v1/tas/categories/quarters/","program_activity"
"527","/api/v1/tas/categories/quarters/","program_activity_id"
"528","/api/v1/tas/categories/quarters/","submission"
"529","/api/v1/tas/categories/quarters/","submission_id"
"530","/api/v1/tas/categories/quarters/","treasury_account"
"531","/api/v1/tas/categories/quarters/","treasury_account_id"
"532","/api/v1/tas/categories/quarters/","update_date"
"533","/api/v1/tas/categories/quarters/","ussgl480100_undelivered_orders_obligations_unpaid_cpe"
"534","/api/v1/tas/categories/quarters/","ussgl480100_undelivered_orders_obligations_unpaid_fyb"
"535","/api/v1/tas/categories/quarters/","ussgl480200_undelivered_orders_oblig_prepaid_advanced_cpe"
"536","/api/v1/tas/categories/quarters/","ussgl480200_undelivered_orders_oblig_prepaid_advanced_fyb"
"537","/api/v1/tas/categories/quarters/","ussgl483100_undelivered_orders_oblig_transferred_unpaid_cpe"
"538","/api/v1/tas/categories/quarters/","ussgl483200_undeliv_orders_oblig_transferred_prepaid_adv_cpe"
"539","/api/v1/tas/categories/quarters/","ussgl487100_down_adj_pri_unpaid_undel_orders_oblig_recov_cpe"
"540","/api/v1/tas/categories/quarters/","ussgl487200_down_adj_pri_ppaid_undel_orders_oblig_refund_cpe"
"541","/api/v1/tas/categories/quarters/","ussgl488100_upward_adjust_pri_undeliv_order_oblig_unpaid_cpe"
"542","/api/v1/tas/categories/quarters/","ussgl488200_up_adjust_pri_undeliv_order_oblig_ppaid_adv_cpe"
"543","/api/v1/tas/categories/quarters/","ussgl490100_delivered_orders_obligations_unpaid_cpe"
"544","/api/v1/tas/categories/quarters/","ussgl490100_delivered_orders_obligations_unpaid_fyb"
"545","/api/v1/tas/categories/quarters/","ussgl490200_delivered_orders_obligations_paid_cpe"
"546","/api/v1/tas/categories/quarters/","ussgl490800_authority_outlayed_not_yet_disbursed_cpe"
"547","/api/v1/tas/categories/quarters/","ussgl490800_authority_outlayed_not_yet_disbursed_fyb"
"548","/api/v1/tas/categories/quarters/","ussgl493100_delivered_orders_oblig_transferred_unpaid_cpe"
"549","/api/v1/tas/categories/quarters/","ussgl497100_down_adj_pri_unpaid_deliv_orders_oblig_recov_cpe"
"550","/api/v1/tas/categories/quarters/","ussgl497200_down_adj_pri_paid_deliv_orders_oblig_refund_cpe"
"551","/api/v1/tas/categories/quarters/","ussgl498100_upward_adjust_pri_deliv_orders_oblig_unpaid_cpe"
"552","/api/v1/tas/categories/quarters/","ussgl498200_upward_adjust_pri_deliv_orders_oblig_paid_cpe"
"553","/api/v1/tas/categories/quarters/total/","create_date"
"554","/api/v1/tas/categories/quarters/total/","data_source"
"555","/api/v1/tas/categories/quarters/total/","deobligations_recoveries_refund_pri_program_object_class_cpe"
"556","/api/v1/tas/categories/quarters/total/","gross_outlay_amount_by_program_object_class_cpe"
"557","/api/v1/tas/categories/quarters/total/","gross_outlay_amount_by_program_object_class_fyb"
"558","/api/v1/tas/categories/quarters/total/","gross_outlays_delivered_orders_paid_total_cpe"
"559","/api/v1/tas/categories/quarters/total/","gross_outlays_delivered_orders_paid_total_fyb"
"560","/api/v1/tas/categories/quarters/total/","gross_outlays_undelivered_orders_prepaid_total_cpe"
"561","/api/v1/tas/categories/quarters/total/","gross_outlays_undelivered_orders_prepaid_total_fyb"
"562","/api/v1/tas/categories/quarters/total/","id"
"563","/api/v1/tas/categories/quarters/total/","object_class"
"564","/api/v1/tas/categories/quarters/total/","object_class_id"
"565","/api/v1/tas/categories/quarters/total/","obligations_delivered_orders_unpaid_total_cpe"
"566","/api/v1/tas/categories/quarters/total/","obligations_delivered_orders_unpaid_total_fyb"
"567","/api/v1/tas/categories/quarters/total/","obligations_incurred_by_program_object_class_cpe"
"568","/api/v1/tas/categories/quarters/total/","obligations_undelivered_orders_unpaid_total_cpe"
"569","/api/v1/tas/categories/quarters/total/","obligations_undelivered_orders_unpaid_total_fyb"
"570","/api/v1/tas/categories/quarters/total/","program_activity"
"571","/api/v1/tas/categories/quarters/total/","program_activity_id"
"572","/api/v1/tas/categories/quarters/total/","submission"
"573","/api/v1/tas/categories/quarters/total/","submission_id"
"574","/api/v1/tas/categories/quarters/total/","treasury_account"
"575","/api/v1/tas/categories/quarters/total/","treasury_account_id"
"576","/api/v1/tas/categories/quarters/total/","update_date"
"577","/api/v1/tas/categories/quarters/total/","ussgl480100_undelivered_orders_obligations_unpaid_cpe"
"578","/api/v1/tas/categories/quarters/total/","ussgl480100_undelivered_orders_obligations_unpaid_fyb"
"579","/api/v1/tas/categories/quarters/total/","ussgl480200_undelivered_orders_oblig_prepaid_advanced_cpe"
"580","/api/v1/tas/categories/quarters/total/","ussgl480200_undelivered_orders_oblig_prepaid_advanced_fyb"
"581","/api/v1/tas/categories/quarters/total/","ussgl483100_undelivered_orders_oblig_transferred_unpaid_cpe"
"582","/api/v1/tas/categories/quarters/total/","ussgl483200_undeliv_orders_oblig_transferred_prepaid_adv_cpe"
"583","/api/v1/tas/categories/quarters/total/","ussgl487100_down_adj_pri_unpaid_undel_orders_oblig_recov_cpe"
"584","/api/v1/tas/categories/quarters/total/","ussgl487200_down_adj_pri_ppaid_undel_orders_oblig_refund_cpe"
"585","/api/v1/tas/categories/quarters/total/","ussgl488100_upward_adjust_pri_undeliv_order_oblig_unpaid_cpe"
"586","/api/v1/tas/categories/quarters/total/","ussgl488200_up_adjust_pri_undeliv_order_oblig_ppaid_adv_cpe"
"587","/api/v1/tas/categories/quarters/total/","ussgl490100_delivered_orders_obligations_unpaid_cpe"
"588","/api/v1/tas/categories/quarters/total/","ussgl490100_delivered_orders_obligations_unpaid_fyb"
"589","/api/v1/tas/categories/quarters/total/","ussgl490200_delivered_orders_obligations_paid_cpe"
"590","/api/v1/tas/categories/quarters/total/","ussgl490800_authority_outlayed_not_yet_disbursed_cpe"
"591","/api/v1/tas/categories/quarters/total/","ussgl490800_authority_outlayed_not_yet_disbursed_fyb"
"592","/api/v1/tas/categories/quarters/total/","ussgl493100_delivered_orders_oblig_transferred_unpaid_cpe"
"593","/api/v1/tas/categories/quarters/total/","ussgl497100_down_adj_pri_unpaid_deliv_orders_oblig_recov_cpe"
"594","/api/v1/tas/categories/quarters/total/","ussgl497200_down_adj_pri_paid_deliv_orders_oblig_refund_cpe"
"595","/api/v1/tas/categories/quarters/total/","ussgl498100_upward_adjust_pri_deliv_orders_oblig_unpaid_cpe"
"596","/api/v1/tas/categories/quarters/total/","ussgl498200_upward_adjust_pri_deliv_orders_oblig_paid_cpe"
"597","/api/v1/subawards/","action_date"
"598","/api/v1/subawards/","amount"
"599","/api/v1/subawards/","award"
"600","/api/v1/subawards/","award_id"
"601","/api/v1/subawards/","award_report_fy_month"
"602","/api/v1/subawards/","award_report_fy_year"
"603","/api/v1/subawards/","awarding_agency"
"604","/api/v1/subawards/","awarding_agency_id"
"605","/api/v1/subawards/","cfda"
"606","/api/v1/subawards/","cfda_id"
"607","/api/v1/subawards/","data_source"
"608","/api/v1/subawards/","description"
"609","/api/v1/subawards/","funding_agency"
"610","/api/v1/subawards/","funding_agency_id"
"611","/api/v1/subawards/","id"
"612","/api/v1/subawards/","naics"
"613","/api/v1/subawards/","naics_description"
"614","/api/v1/subawards/","place_of_performance"
"615","/api/v1/subawards/","place_of_performance_id"
"616","/api/v1/subawards/","recipient"
"617","/api/v1/subawards/","recipient_id"
"618","/api/v1/subawards/","recovery_model_question1"
"619","/api/v1/subawards/","recovery_model_question2"
"620","/api/v1/subawards/","subaward_number"
"621","/api/v1/subawards/","submission"
"622","/api/v1/subawards/","submission_id"
"623","/api/v1/subawards/autocomplete/","action_date"
"624","/api/v1/subawards/autocomplete/","amount"
"625","/api/v1/subawards/autocomplete/","award"
"626","/api/v1/subawards/autocomplete/","award_id"
"627","/api/v1/subawards/autocomplete/","award_report_fy_month"
"628","/api/v1/subawards/autocomplete/","award_report_fy_year"
"629","/api/v1/subawards/autocomplete/","awarding_agency"
"630","/api/v1/subawards/autocomplete/","awarding_agency_id"
"631","/api/v1/subawards/autocomplete/","cfda"
"632","/api/v1/subawards/autocomplete/","cfda_id"
"633","/api/v1/subawards/autocomplete/","data_source"
"634","/api/v1/subawards/autocomplete/","description"
"635","/api/v1/subawards/autocomplete/","funding_agency"
"636","/api/v1/subawards/autocomplete/","funding_agency_id"
"637","/api/v1/subawards/autocomplete/","id"
"638","/api/v1/subawards/autocomplete/","naics"
"639","/api/v1/subawards/autocomplete/","naics_description"
"640","/api/v1/subawards/autocomplete/","place_of_performance"
"641","/api/v1/subawards/autocomplete/","place_of_performance_id"
"642","/api/v1/subawards/autocomplete/","recipient"
"643","/api/v1/subawards/autocomplete/","recipient_id"
"644","/api/v1/subawards/autocomplete/","recovery_model_question1"
"645","/api/v1/subawards/autocomplete/","recovery_model_question2"
"646","/api/v1/subawards/autocomplete/","subaward_number"
"647","/api/v1/subawards/autocomplete/","submission"
"648","/api/v1/subawards/autocomplete/","submission_id"
"649","/api/v1/subawards/total/","action_date"
"650","/api/v1/subawards/total/","amount"
"651","/api/v1/subawards/total/","award"
"652","/api/v1/subawards/total/","award_id"
"653","/api/v1/subawards/total/","award_report_fy_month"
"654","/api/v1/subawards/total/","award_report_fy_year"
"655","/api/v1/subawards/total/","awarding_agency"
"656","/api/v1/subawards/total/","awarding_agency_id"
"657","/api/v1/subawards/total/","cfda"
"658","/api/v1/subawards/total/","cfda_id"
"659","/api/v1/subawards/total/","data_source"
"660","/api/v1/subawards/total/","description"
"661","/api/v1/subawards/total/","funding_agency"
"662","/api/v1/subawards/total/","funding_agency_id"
"663","/api/v1/subawards/total/","id"
"664","/api/v1/subawards/total/","naics"
"665","/api/v1/subawards/total/","naics_description"
"666","/api/v1/subawards/total/","place_of_performance"
"667","/api/v1/subawards/total/","place_of_performance_id"
"668","/api/v1/subawards/total/","recipient"
"669","/api/v1/subawards/total/","recipient_id"
"670","/api/v1/subawards/total/","recovery_model_question1"
"671","/api/v1/subawards/total/","recovery_model_question2"
"672","/api/v1/subawards/total/","subaward_number"
"673","/api/v1/subawards/total/","submission"
"674","/api/v1/subawards/total/","submission_id"
"675","/api/v1/transactions/","action_date"
"676","/api/v1/transactions/","action_type"
"677","/api/v1/transactions/","action_type_description"
"678","/api/v1/transactions/","assistance_data"
"679","/api/v1/transactions/","award"
"680","/api/v1/transactions/","award_id"
"681","/api/v1/transactions/","awarding_agency"
"682","/api/v1/transactions/","awarding_agency_id"
"683","/api/v1/transactions/","certified_date"
"684","/api/v1/transactions/","contract_data"
"685","/api/v1/transactions/","create_date"
"686","/api/v1/transactions/","data_source"
"687","/api/v1/transactions/","description"
"688","/api/v1/transactions/","drv_award_transaction_usaspend"
"689","/api/v1/transactions/","drv_current_total_award_value_amount_adjustment"
"690","/api/v1/transactions/","drv_potential_total_award_value_amount_adjustment"
"691","/api/v1/transactions/","federal_action_obligation"
"692","/api/v1/transactions/","funding_agency"
"693","/api/v1/transactions/","funding_agency_id"
"694","/api/v1/transactions/","id"
"695","/api/v1/transactions/","last_modified_date"
"696","/api/v1/transactions/","latest_for_award"
"697","/api/v1/transactions/","modification_number"
"698","/api/v1/transactions/","period_of_performance_current_end_date"
"699","/api/v1/transactions/","period_of_performance_start_date"
"700","/api/v1/transactions/","place_of_performance"
"701","/api/v1/transactions/","place_of_performance_id"
"702","/api/v1/transactions/","recipient"
"703","/api/v1/transactions/","recipient_id"
"704","/api/v1/transactions/","submission"
"705","/api/v1/transactions/","submission_id"
"706","/api/v1/transactions/","type"
"707","/api/v1/transactions/","type_description"
"708","/api/v1/transactions/","update_date"
"709","/api/v1/transactions/","usaspending_unique_transaction_id"
"710","/api/v1/transactions/total/","action_date"
"711","/api/v1/transactions/total/","action_type"
"712","/api/v1/transactions/total/","action_type_description"
"713","/api/v1/transactions/total/","assistance_data"
"714","/api/v1/transactions/total/","award"
"715","/api/v1/transactions/total/","award_id"
"716","/api/v1/transactions/total/","awarding_agency"
"717","/api/v1/transactions/total/","awarding_agency_id"
"718","/api/v1/transactions/total/","certified_date"
"719","/api/v1/transactions/total/","contract_data"
"720","/api/v1/transactions/total/","create_date"
"721","/api/v1/transactions/total/","data_source"
"722","/api/v1/transactions/total/","description"
"723","/api/v1/transactions/total/","drv_award_transaction_usaspend"
"724","/api/v1/transactions/total/","drv_current_total_award_value_amount_adjustment"
"725","/api/v1/transactions/total/","drv_potential_total_award_value_amount_adjustment"
"726","/api/v1/transactions/total/","federal_action_obligation"
"727","/api/v1/transactions/total/","funding_agency"
"728","/api/v1/transactions/total/","funding_agency_id"
"729","/api/v1/transactions/total/","id"
"730","/api/v1/transactions/total/","last_modified_date"
"731","/api/v1/transactions/total/","latest_for_award"
"732","/api/v1/transactions/total/","modification_number"
"733","/api/v1/transactions/total/","period_of_performance_current_end_date"
"734","/api/v1/transactions/total/","period_of_performance_start_date"
"735","/api/v1/transactions/total/","place_of_performance"
"736","/api/v1/transactions/total/","place_of_performance_id"
"737","/api/v1/transactions/total/","recipient"
"738","/api/v1/transactions/total/","recipient_id"
"739","/api/v1/transactions/total/","submission"
"740","/api/v1/transactions/total/","submission_id"
"741","/api/v1/transactions/total/","type"
"742","/api/v1/transactions/total/","type_description"
"743","/api/v1/transactions/total/","update_date"
"744","/api/v1/transactions/total/","usaspending_unique_transaction_id"
"745","/api/v1/references/agency/","awarding_subawards"
"746","/api/v1/references/agency/","awards_transaction_awarding_agency"
"747","/api/v1/references/agency/","awards_transaction_funding_agency"
"748","/api/v1/references/agency/","create_date"
"749","/api/v1/references/agency/","funding_subawards"
"750","/api/v1/references/agency/","id"
"751","/api/v1/references/agency/","office_agency"
"752","/api/v1/references/agency/","office_agency_id"
"753","/api/v1/references/agency/","subtier_agency"
"754","/api/v1/references/agency/","subtier_agency_id"
"755","/api/v1/references/agency/","toptier_agency"
"756","/api/v1/references/agency/","toptier_agency_id"
"757","/api/v1/references/agency/","toptier_flag"
"758","/api/v1/references/agency/","update_date"
"759","/api/v1/references/agency/autocomplete/","awarding_subawards"
"760","/api/v1/references/agency/autocomplete/","awards_transaction_awarding_agency"
"761","/api/v1/references/agency/autocomplete/","awards_transaction_funding_agency"
"762","/api/v1/references/agency/autocomplete/","create_date"
"763","/api/v1/references/agency/autocomplete/","funding_subawards"
"764","/api/v1/references/agency/autocomplete/","id"
"765","/api/v1/references/agency/autocomplete/","office_agency"
"766","/api/v1/references/agency/autocomplete/","office_agency_id"
"767","/api/v1/references/agency/autocomplete/","subtier_agency"
"768","/api/v1/references/agency/autocomplete/","subtier_agency_id"
"769","/api/v1/references/agency/autocomplete/","toptier_agency"
"770","/api/v1/references/agency/autocomplete/","toptier_agency_id"
"771","/api/v1/references/agency/autocomplete/","toptier_flag"
"772","/api/v1/references/agency/autocomplete/","update_date"
"773","/api/v1/references/cfda/","account_identification"
"774","/api/v1/references/cfda/","appeals"
"775","/api/v1/references/cfda/","applicant_eligibility"
"776","/api/v1/references/cfda/","application_procedures"
"777","/api/v1/references/cfda/","archived_date"
"778","/api/v1/references/cfda/","audits"
"779","/api/v1/references/cfda/","authorization"
"780","/api/v1/references/cfda/","award_procedure"
"781","/api/v1/references/cfda/","beneficiary_eligibility"
"782","/api/v1/references/cfda/","create_date"
"783","/api/v1/references/cfda/","credentials_documentation"
"784","/api/v1/references/cfda/","criteria_for_selecting_proposals"
"785","/api/v1/references/cfda/","data_source"
"786","/api/v1/references/cfda/","deadlines"
"787","/api/v1/references/cfda/","examples_of_funded_projects"
"788","/api/v1/references/cfda/","federal_agency"
"789","/api/v1/references/cfda/","formula_and_matching_requirements"
"790","/api/v1/references/cfda/","headquarters_office"
"791","/api/v1/references/cfda/","length_and_time_phasing_of_assistance"
"792","/api/v1/references/cfda/","objectives"
"793","/api/v1/references/cfda/","obligations"
"794","/api/v1/references/cfda/","omb_agency_code"
"795","/api/v1/references/cfda/","omb_bureau_code"
"796","/api/v1/references/cfda/","popular_name"
"797","/api/v1/references/cfda/","pre_application_coordination"
"798","/api/v1/references/cfda/","program_accomplishments"
"799","/api/v1/references/cfda/","program_number"
"800","/api/v1/references/cfda/","program_title"
"801","/api/v1/references/cfda/","published_date"
"802","/api/v1/references/cfda/","range_and_average_of_financial_assistance"
"803","/api/v1/references/cfda/","range_of_approval_disapproval_time"
"804","/api/v1/references/cfda/","records"
"805","/api/v1/references/cfda/","recovery"
"806","/api/v1/references/cfda/","regional_or_local_office"
"807","/api/v1/references/cfda/","regulations_guidelines_and_literature"
"808","/api/v1/references/cfda/","related_programs"
"809","/api/v1/references/cfda/","renewals"
"810","/api/v1/references/cfda/","reports"
"811","/api/v1/references/cfda/","subaward"
"812","/api/v1/references/cfda/","transactionassistance"
"813","/api/v1/references/cfda/","types_of_assistance"
"814","/api/v1/references/cfda/","update_date"
"815","/api/v1/references/cfda/","url"
"816","/api/v1/references/cfda/","uses_and_use_restrictions"
"817","/api/v1/references/cfda/","website_address"
"818","/api/v1/references/locations/","address_line1"
"819","/api/v1/references/locations/","address_line2"
"820","/api/v1/references/locations/","address_line3"
"821","/api/v1/references/locations/","award"
"822","/api/v1/references/locations/","certified_date"
"823","/api/v1/references/locations/","city_code"
"824","/api/v1/references/locations/","city_name"
"825","/api/v1/references/locations/","congressional_code"
"826","/api/v1/references/locations/","country_name"
"827","/api/v1/references/locations/","county_code"
"828","/api/v1/references/locations/","county_name"
"829","/api/v1/references/locations/","create_date"
"830","/api/v1/references/locations/","data_source"
"831","/api/v1/references/locations/","foreign_city_name"
"832","/api/v1/references/locations/","foreign_location_description"
"833","/api/v1/references/locations/","foreign_postal_code"
"834","/api/v1/references/locations/","foreign_province"
"835","/api/v1/references/locations/","last_modified_date"
"836","/api/v1/references/locations/","legalentity"
"837","/api/v1/references/locations/","location_country_code"
"838","/api/v1/references/locations/","location_country_code_id"
"839","/api/v1/references/locations/","location_id"
"840","/api/v1/references/locations/","performance_code"
"841","/api/v1/references/locations/","place_of_performance_flag"
"842","/api/v1/references/locations/","recipient_flag"
"843","/api/v1/references/locations/","reporting_period_end"
"844","/api/v1/references/locations/","reporting_period_start"
"845","/api/v1/references/locations/","state_code"
"846","/api/v1/references/locations/","state_description"
"847","/api/v1/references/locations/","state_name"
"848","/api/v1/references/locations/","subaward"
"849","/api/v1/references/locations/","transaction"
"850","/api/v1/references/locations/","update_date"
"851","/api/v1/references/locations/","zip4"
"852","/api/v1/references/locations/","zip5"
"853","/api/v1/references/locations/","zip_4a"
"854","/api/v1/references/locations/","zip_last4"
"855","/api/v1/references/locations/geocomplete/","Expecting value: line 1 column 1 (char 0)"
"856","/api/v1/references/recipients/autocomplete/","airport_authority"
"857","/api/v1/references/recipients/autocomplete/","alaskan_native_owned_corporation_or_firm"
"858","/api/v1/references/recipients/autocomplete/","alaskan_native_servicing_institution"
"859","/api/v1/references/recipients/autocomplete/","american_indian_owned_business"
"860","/api/v1/references/recipients/autocomplete/","asian_pacific_american_owned_business"
"861","/api/v1/references/recipients/autocomplete/","award"
"862","/api/v1/references/recipients/autocomplete/","black_american_owned_business"
"863","/api/v1/references/recipients/autocomplete/","business_types"
"864","/api/v1/references/recipients/autocomplete/","business_types_description"
"865","/api/v1/references/recipients/autocomplete/","c1862_land_grant_college"
"866","/api/v1/references/recipients/autocomplete/","c1890_land_grant_college"
"867","/api/v1/references/recipients/autocomplete/","c1994_land_grant_college"
"868","/api/v1/references/recipients/autocomplete/","c8a_program_participant"
"869","/api/v1/references/recipients/autocomplete/","certified_date"
"870","/api/v1/references/recipients/autocomplete/","city_local_government"
"871","/api/v1/references/recipients/autocomplete/","city_township_government"
"872","/api/v1/references/recipients/autocomplete/","community_developed_corporation_owned_firm"
"873","/api/v1/references/recipients/autocomplete/","community_development_corporation"
"874","/api/v1/references/recipients/autocomplete/","contracts"
"875","/api/v1/references/recipients/autocomplete/","corporate_entity_not_tax_exempt"
"876","/api/v1/references/recipients/autocomplete/","corporate_entity_tax_exempt"
"877","/api/v1/references/recipients/autocomplete/","council_of_governments"
"878","/api/v1/references/recipients/autocomplete/","county_local_government"
"879","/api/v1/references/recipients/autocomplete/","create_date"
"880","/api/v1/references/recipients/autocomplete/","data_source"
"881","/api/v1/references/recipients/autocomplete/","division_name"
"882","/api/v1/references/recipients/autocomplete/","division_number"
"883","/api/v1/references/recipients/autocomplete/","domestic_or_foreign_entity"
"884","/api/v1/references/recipients/autocomplete/","domestic_or_foreign_entity_description"
"885","/api/v1/references/recipients/autocomplete/","domestic_shelter"
"886","/api/v1/references/recipients/autocomplete/","dot_certified_disadvantage"
"887","/api/v1/references/recipients/autocomplete/","economically_disadvantaged_women_owned_small_business"
"888","/api/v1/references/recipients/autocomplete/","educational_institution"
"889","/api/v1/references/recipients/autocomplete/","emerging_small_business"
"890","/api/v1/references/recipients/autocomplete/","federal_agency"
"891","/api/v1/references/recipients/autocomplete/","federally_funded_research_and_development_corp"
"892","/api/v1/references/recipients/autocomplete/","for_profit_organization"
"893","/api/v1/references/recipients/autocomplete/","foreign_government"
"894","/api/v1/references/recipients/autocomplete/","foreign_owned_and_located"
"895","/api/v1/references/recipients/autocomplete/","foundation"
"896","/api/v1/references/recipients/autocomplete/","grants"
"897","/api/v1/references/recipients/autocomplete/","hispanic_american_owned_business"
"898","/api/v1/references/recipients/autocomplete/","hispanic_servicing_institution"
"899","/api/v1/references/recipients/autocomplete/","historically_black_college"
"900","/api/v1/references/recipients/autocomplete/","historically_underutilized_business_zone"
"901","/api/v1/references/recipients/autocomplete/","hospital_flag"
"902","/api/v1/references/recipients/autocomplete/","housing_authorities_public_tribal"
"903","/api/v1/references/recipients/autocomplete/","indian_tribe_federally_recognized"
"904","/api/v1/references/recipients/autocomplete/","individual"
"905","/api/v1/references/recipients/autocomplete/","inter_municipal_local_government"
"906","/api/v1/references/recipients/autocomplete/","international_organization"
"907","/api/v1/references/recipients/autocomplete/","interstate_entity"
"908","/api/v1/references/recipients/autocomplete/","joint_venture_economic_disadvantaged_women_owned_small_bus"
"909","/api/v1/references/recipients/autocomplete/","joint_venture_women_owned_small_business"
"910","/api/v1/references/recipients/autocomplete/","labor_surplus_area_firm"
"911","/api/v1/references/recipients/autocomplete/","last_modified_date"
"912","/api/v1/references/recipients/autocomplete/","legal_entity_id"
"913","/api/v1/references/recipients/autocomplete/","limited_liability_corporation"
"914","/api/v1/references/recipients/autocomplete/","local_government_owned"
"915","/api/v1/references/recipients/autocomplete/","location"
"916","/api/v1/references/recipients/autocomplete/","location_id"
"917","/api/v1/references/recipients/autocomplete/","manufacturer_of_goods"
"918","/api/v1/references/recipients/autocomplete/","minority_institution"
"919","/api/v1/references/recipients/autocomplete/","minority_owned_business"
"920","/api/v1/references/recipients/autocomplete/","municipality_local_government"
"921","/api/v1/references/recipients/autocomplete/","native_american_owned_business"
"922","/api/v1/references/recipients/autocomplete/","native_hawaiian_owned_business"
"923","/api/v1/references/recipients/autocomplete/","native_hawaiian_servicing_institution"
"924","/api/v1/references/recipients/autocomplete/","nonprofit_organization"
"925","/api/v1/references/recipients/autocomplete/","officers"
"926","/api/v1/references/recipients/autocomplete/","other_minority_owned_business"
"927","/api/v1/references/recipients/autocomplete/","other_not_for_profit_organization"
"928","/api/v1/references/recipients/autocomplete/","parent_recipient_unique_id"
"929","/api/v1/references/recipients/autocomplete/","partnership_or_limited_liability_partnership"
"930","/api/v1/references/recipients/autocomplete/","planning_commission"
"931","/api/v1/references/recipients/autocomplete/","port_authority"
"932","/api/v1/references/recipients/autocomplete/","private_university_or_college"
"933","/api/v1/references/recipients/autocomplete/","receives_contracts_and_grants"
"934","/api/v1/references/recipients/autocomplete/","recipient_name"
"935","/api/v1/references/recipients/autocomplete/","recipient_unique_id"
"936","/api/v1/references/recipients/autocomplete/","reporting_period_end"
"937","/api/v1/references/recipients/autocomplete/","reporting_period_start"
"938","/api/v1/references/recipients/autocomplete/","sam_exception"
"939","/api/v1/references/recipients/autocomplete/","sba_certified_8a_joint_venture"
"940","/api/v1/references/recipients/autocomplete/","school_district_local_government"
"941","/api/v1/references/recipients/autocomplete/","school_of_forestry"
"942","/api/v1/references/recipients/autocomplete/","self_certified_small_disadvantaged_business"
"943","/api/v1/references/recipients/autocomplete/","service_disabled_veteran_owned_business"
"944","/api/v1/references/recipients/autocomplete/","small_agricultural_cooperative"
"945","/api/v1/references/recipients/autocomplete/","small_business"
"946","/api/v1/references/recipients/autocomplete/","small_business_description"
"947","/api/v1/references/recipients/autocomplete/","small_disadvantaged_business"
"948","/api/v1/references/recipients/autocomplete/","sole_proprietorship"
"949","/api/v1/references/recipients/autocomplete/","special_district_government"
"950","/api/v1/references/recipients/autocomplete/","state_controlled_institution_of_higher_learning"
"951","/api/v1/references/recipients/autocomplete/","subaward"
"952","/api/v1/references/recipients/autocomplete/","subchapter_scorporation"
"953","/api/v1/references/recipients/autocomplete/","subcontinent_asian_asian_indian_american_owned_business"
"954","/api/v1/references/recipients/autocomplete/","the_ability_one_program"
"955","/api/v1/references/recipients/autocomplete/","township_local_government"
"956","/api/v1/references/recipients/autocomplete/","transaction"
"957","/api/v1/references/recipients/autocomplete/","transit_authority"
"958","/api/v1/references/recipients/autocomplete/","tribal_college"
"959","/api/v1/references/recipients/autocomplete/","tribally_owned_business"
"960","/api/v1/references/recipients/autocomplete/","undefinitized_action"
"961","/api/v1/references/recipients/autocomplete/","update_date"
"962","/api/v1/references/recipients/autocomplete/","us_federal_government"
"963","/api/v1/references/recipients/autocomplete/","us_government_entity"
"964","/api/v1/references/recipients/autocomplete/","us_local_government"
"965","/api/v1/references/recipients/autocomplete/","us_state_government"
"966","/api/v1/references/recipients/autocomplete/","us_tribal_government"
"967","/api/v1/references/recipients/autocomplete/","vendor_doing_as_business_name"
"968","/api/v1/references/recipients/autocomplete/","vendor_fax_number"
"969","/api/v1/references/recipients/autocomplete/","vendor_phone_number"
"970","/api/v1/references/recipients/autocomplete/","veteran_owned_business"
"971","/api/v1/references/recipients/autocomplete/","veterinary_college"
"972","/api/v1/references/recipients/autocomplete/","veterinary_hospital"
"973","/api/v1/references/recipients/autocomplete/","woman_owned_business"
"974","/api/v1/references/recipients/autocomplete/","women_owned_small_business"
"975","/api/v1/submissions/","appropriationaccountbalances"
"976","/api/v1/submissions/","appropriationaccountbalancesquarterly"
"977","/api/v1/submissions/","broker_submission_id"
"978","/api/v1/submissions/","certified_date"
"979","/api/v1/submissions/","cgac_code"
"980","/api/v1/submissions/","create_date"
"981","/api/v1/submissions/","financialaccountsbyawards"
"982","/api/v1/submissions/","financialaccountsbyprogramactivityobjectclass"
"983","/api/v1/submissions/","previous_submission"
"984","/api/v1/submissions/","previous_submission_id"
"985","/api/v1/submissions/","quarter_format_flag"
"986","/api/v1/submissions/","reporting_fiscal_period"
"987","/api/v1/submissions/","reporting_fiscal_quarter"
"988","/api/v1/submissions/","reporting_fiscal_year"
"989","/api/v1/submissions/","reporting_period_end"
"990","/api/v1/submissions/","reporting_period_start"
"991","/api/v1/submissions/","subaward"
"992","/api/v1/submissions/","submission_id"
"993","/api/v1/submissions/","submissionattributes"
"994","/api/v1/submissions/","tasprogramactivityobjectclassquarterly"
"995","/api/v1/submissions/","transaction"
"996","/api/v1/submissions/","transactionassistance"
"997","/api/v1/submissions/","transactioncontract"
"998","/api/v1/submissions/","update_date"
"999","/api/v1/submissions/","usaspending_update"
